{"stats":{"minecraft:custom":{"minecraft:jump":35,"minecraft:open_chest":30,"minecraft:time_since_rest":14221,"minecraft:leave_game":1,"minecraft:open_shulker_box":5,"minecraft:crouch_one_cm":154,"minecraft:sprint_one_cm":2172,"minecraft:play_time":14221,"minecraft:walk_on_water_one_cm":205,"minecraft:time_since_death":14221,"minecraft:walk_one_cm":2366,"minecraft:sneak_time":957,"minecraft:total_world_time":14221,"minecraft:walk_under_water_one_cm":189,"minecraft:drop":1,"minecraft:fall_one_cm":267,"minecraft:fly_one_cm":289655},"minecraft:crafted":{"minecraft:iron_ingot":351},"minecraft:dropped":{"minecraft:dirt":1},"minecraft:mined":{"minecraft:grass_block":1},"minecraft:picked_up":{"minecraft:dirt":1},"minecraft:used":{"minecraft:dirt":2,"minecraft:witch_spawn_egg":79}},"DataVersion":3953}