{"stats":{"minecraft:custom":{"minecraft:jump":28,"minecraft:open_chest":5,"minecraft:time_since_rest":5171,"minecraft:crouch_one_cm":91,"minecraft:sprint_one_cm":1709,"minecraft:play_time":5171,"minecraft:time_since_death":5171,"minecraft:walk_one_cm":1735,"minecraft:sneak_time":124,"minecraft:total_world_time":5171,"minecraft:fall_one_cm":267,"minecraft:fly_one_cm":3727},"minecraft:crafted":{"minecraft:iron_ingot":351},"minecraft:mined":{"minecraft:grass_block":1},"minecraft:picked_up":{"minecraft:dirt":1},"minecraft:used":{"minecraft:dirt":1}},"DataVersion":3953}