{"stats":{"minecraft:dropped":{"vampirism:stake":5,"vampirism:hunter_axe_enhanced":1,"vampirism:hunter_axe_normal":1,"vampirism:vampire_blood_bottle":2},"minecraft:killed_by":{"vampirism:vampire_baron":1},"minecraft:broken":{"minecraft:stone_axe":3,"vampirism:stake":1},"minecraft:used":{"vampirism:hunter_axe_normal":35,"minecraft:baked_potato":19,"minecraft:oak_planks":10,"minecraft:chest":5,"minecraft:dirt":19,"minecraft:spyglass":3,"minecraft:crafting_table":3,"minecraft:carrot":5,"vampirism:stake":98,"minecraft:bread":33,"minecraft:iron_pickaxe":62,"minecraft:stone_axe":241,"vampirism:dark_spruce_log":5,"minecraft:golden_sword":19,"minecraft:sweet_berries":71},"minecraft:custom":{"minecraft:interact_with_furnace":7,"minecraft:mob_kills":71,"vampirism:killed_with_stake":35,"minecraft:interact_with_crafting_table":8,"minecraft:damage_dealt_resisted":1236,"minecraft:leave_game":2,"minecraft:time_since_death":47020,"minecraft:sleep_in_bed":3,"minecraft:climb_one_cm":267,"minecraft:time_since_rest":6745,"minecraft:sprint_one_cm":404569,"minecraft:damage_taken":2876,"minecraft:walk_one_cm":336744,"minecraft:drop":9,"vampirism:skills_unlocked":5,"minecraft:damage_dealt":20685,"minecraft:swim_one_cm":36186,"minecraft:talked_to_villager":2,"minecraft:fly_one_cm":513126,"minecraft:open_chest":41,"minecraft:crouch_one_cm":1918,"minecraft:play_time":103504,"minecraft:deaths":1,"minecraft:sneak_time":611,"minecraft:walk_under_water_one_cm":23075,"vampirism:defend_village":1,"minecraft:jump":2209,"minecraft:walk_on_water_one_cm":19639,"minecraft:total_world_time":103504,"vampirism:win_village_capture":1,"vampirism:interact_with_injection_chair":1,"minecraft:fall_one_cm":45046},"minecraft:crafted":{"minecraft:oak_planks":24,"minecraft:crafting_table":3,"minecraft:spruce_planks":28,"minecraft:baked_potato":15,"minecraft:iron_sword":1,"minecraft:stone_axe":4,"minecraft:air":0,"minecraft:iron_chestplate":1,"minecraft:stick":32,"minecraft:gold_ingot":27,"vampirism:stake":12},"minecraft:picked_up":{"minecraft:feather":1,"minecraft:crafting_table":1,"vampirism:garlic_diffuser_improved":1,"minecraft:iron_chestplate":1,"vampirism:injection_garlic":1,"minecraft:magma_block":10,"vampirism:vampire_book":1,"vampirism:vampire_blood_bottle":23,"minecraft:chicken":1,"vampirism:oblivion_potion":1,"vampirism:dark_spruce_log":12,"minecraft:brown_mushroom":1,"minecraft:stone_slab":1,"minecraft:wooden_pickaxe":2,"minecraft:potato":30,"vampirism:stake":6,"minecraft:gold_block":3,"minecraft:golden_shovel":1,"minecraft:flint":3,"minecraft:oak_log":6,"vampirism:armor_of_swiftness_legs_ultimate":2,"minecraft:golden_sword":1,"minecraft:gunpowder":3,"minecraft:dirt":40,"minecraft:string":2,"minecraft:flint_and_steel":2,"vampirism:soul_orb_vampire":10,"minecraft:glass_pane":58,"vampirism:cursed_earth":1,"minecraft:stonecutter":1,"minecraft:wheat_seeds":2,"minecraft:cartography_table":1,"vampirism:item_garlic":22,"minecraft:rose_bush":2,"minecraft:iron_ingot":12,"vampirism:garlic_bread":5,"minecraft:iron_pickaxe":1,"vampirism:hunter_axe_enhanced":1,"minecraft:poppy":3,"minecraft:glass_bottle":2,"minecraft:rabbit":1,"minecraft:chest":5,"minecraft:iron_sword":2,"minecraft:oak_planks":29,"minecraft:egg":3,"minecraft:book":12,"minecraft:stick":1,"minecraft:raw_iron":4,"vampirism:cursed_spruce_log":13,"vampirism:basic_double_crossbow":1,"minecraft:sweet_berries":94,"vampirism:dark_spruce_sapling":1,"minecraft:spyglass":2,"minecraft:gravel":14,"minecraft:fire_charge":2,"vampirism:amulet":1,"minecraft:white_bed":2,"minecraft:spruce_sapling":2,"minecraft:blast_furnace":1,"vampirism:vampire_fang":43,"minecraft:spruce_log":16,"minecraft:carrot":3,"vampirism:blood_bottle":2,"vampirism:pure_blood_0":7,"vampirism:hunter_table":1,"minecraft:rotten_flesh":5,"vampirism:cobbled_dark_stone":5,"vampirism:basic_crossbow":1,"minecraft:stone_axe":2,"vampirism:hunter_coat_feet_ultimate":1,"minecraft:hay_block":37,"minecraft:granite":6,"minecraft:bread":1,"minecraft:emerald":3,"minecraft:baked_potato":8,"evilcraft:condensed_blood":46,"vampirism:vampire_orchid":15,"minecraft:netherrack":6,"vampirism:item_alchemical_fire":6,"vampirism:hunter_axe_normal":3,"minecraft:coal":69,"minecraft:cobblestone":41},"minecraft:mined":{"minecraft:brown_mushroom":2,"vampirism:dark_stone":5,"vampirism:cursed_spruce_log":13,"minecraft:crafting_table":1,"vampirism:cursed_grass":1,"minecraft:granite":6,"minecraft:grass_block":11,"vampirism:dark_spruce_log":12,"minecraft:chest":2,"minecraft:rose_bush":3,"vampirism:vampire_orchid":14,"minecraft:spruce_leaves":17,"minecraft:iron_ore":4,"minecraft:sweet_berry_bush":7,"minecraft:spruce_log":16,"vampirism:cursed_roots":2,"minecraft:grass":14,"minecraft:oak_log":6,"minecraft:dirt":18,"minecraft:stone":40,"minecraft:oak_leaves":1,"minecraft:fern":1},"minecraft:killed":{"vampirism:vampire_baron":4,"vampirism:vampire":56,"vampirism:advanced_vampire":1,"minecraft:spider":1,"minecraft:creeper":2,"minecraft:zombie":2,"minecraft:drowned":2}},"DataVersion":3465}