{"stats":{"minecraft:dropped":{"vampirism:item_garlic":2,"minecraft:iron_ingot":8,"minecraft:bread":5,"minecraft:cooked_porkchop":4,"minecraft:leather":2,"vampirism:injection_empty":1,"minecraft:diorite":1,"minecraft:string":8,"minecraft:furnace":1,"minecraft:rotten_flesh":2,"vampirism:oblivion_potion":1,"minecraft:stone_slab":1,"minecraft:gunpowder":7,"minecraft:allium":2,"minecraft:glass":6,"minecraft:egg":1},"minecraft:killed_by":{"vampirism:vampire_baron":3,"vampirism:vampire":3},"minecraft:broken":{"minecraft:stone_sword":2,"vampirism:stake":1,"minecraft:wooden_pickaxe":1},"minecraft:custom":{"minecraft:mob_kills":32,"vampirism:killed_with_stake":6,"minecraft:interact_with_crafting_table":21,"minecraft:open_barrel":1,"minecraft:interact_with_campfire":4,"minecraft:damage_dealt_resisted":717,"minecraft:leave_game":4,"minecraft:time_since_death":0,"minecraft:climb_one_cm":2021,"minecraft:sprint_one_cm":211693,"minecraft:walk_one_cm":445851,"vampirism:interact_with_totem":1,"minecraft:drop":26,"vampirism:skills_unlocked":15,"minecraft:talked_to_villager":3,"minecraft:play_time":112549,"minecraft:deaths":6,"minecraft:sneak_time":497,"minecraft:walk_under_water_one_cm":11728,"minecraft:jump":1447,"minecraft:walk_on_water_one_cm":14920,"minecraft:total_world_time":112549,"vampirism:interact_with_injection_chair":7,"minecraft:interact_with_furnace":25,"vampirism:interact_with_research_table":2,"vampirism:interact_with_garlic_diffuser":1,"minecraft:time_since_rest":961,"minecraft:damage_taken":3913,"vampirism:tasks_accepted":1,"minecraft:damage_dealt":8995,"minecraft:swim_one_cm":15427,"minecraft:fly_one_cm":227279,"minecraft:open_chest":33,"minecraft:crouch_one_cm":1991,"minecraft:fall_one_cm":37675,"minecraft:horse_one_cm":3},"minecraft:used":{"minecraft:stone_sword":144,"minecraft:iron_sword":89,"minecraft:cooked_chicken":3,"minecraft:dirt":15,"minecraft:mutton":3,"minecraft:carrot":6,"minecraft:allium":2,"minecraft:obsidian":3,"minecraft:wooden_axe":24,"minecraft:sweet_berries":53,"minecraft:furnace":4,"minecraft:cooked_beef":7,"minecraft:cooked_mutton":4,"minecraft:diorite":1,"minecraft:stone_pickaxe":24,"minecraft:oak_planks":15,"minecraft:wooden_pickaxe":66,"minecraft:brown_mushroom":1,"minecraft:crafting_table":7,"vampirism:stake":78,"minecraft:apple":4,"minecraft:bread":3,"minecraft:spruce_sapling":1,"minecraft:stone_axe":110,"vampirism:garlic_bread":5,"minecraft:cobblestone":1,"minecraft:cooked_porkchop":8,"vampirism:vampire_orchid":1},"minecraft:crafted":{"minecraft:oak_planks":140,"minecraft:furnace":1,"minecraft:cooked_mutton":2,"minecraft:stone_pickaxe":1,"vampirism:stake":4,"minecraft:cooked_beef":5,"minecraft:cooked_porkchop":10,"minecraft:crafting_table":2,"minecraft:spruce_planks":52,"minecraft:wooden_pickaxe":2,"minecraft:iron_sword":1,"minecraft:stone_axe":1,"minecraft:air":0,"minecraft:stick":20,"minecraft:iron_ingot":5,"minecraft:wooden_axe":1,"minecraft:stone_sword":1},"minecraft:picked_up":{"minecraft:charcoal":4,"vampirism:injection_garlic":1,"minecraft:crafting_table":10,"minecraft:wheat":45,"minecraft:allium":4,"minecraft:chicken":8,"vampirism:oblivion_potion":1,"vampirism:dark_spruce_log":32,"minecraft:brown_mushroom":1,"minecraft:stone_slab":1,"minecraft:gold_block":6,"minecraft:golden_sword":4,"minecraft:flint_and_steel":2,"minecraft:spruce_planks":101,"vampirism:injection_empty":1,"minecraft:beef":22,"vampirism:garlic_bread":2,"minecraft:rose_bush":12,"minecraft:chest":4,"minecraft:furnace":4,"minecraft:egg":1,"minecraft:raw_iron":5,"minecraft:stick":27,"minecraft:porkchop":9,"vampirism:vampire_fang":8,"minecraft:diorite":2,"vampirism:enhanced_crossbow":4,"minecraft:stone_sword":4,"minecraft:arrow":5,"minecraft:rotten_flesh":7,"evilcraft:condensed_blood":23,"vampirism:item_alchemical_fire":3,"minecraft:mutton":5,"minecraft:cobblestone":67,"minecraft:birch_log":4,"vampirism:vampire_book":5,"vampirism:vampire_blood_bottle":12,"minecraft:feather":2,"minecraft:cooked_beef":2,"minecraft:leather":2,"vampirism:stake":12,"minecraft:oak_log":35,"evilcraft:flesh_humanoid":1,"vampirism:armor_of_swiftness_legs_ultimate":4,"minecraft:dirt":37,"minecraft:glass":30,"vampirism:soul_orb_vampire":24,"minecraft:apple":2,"vampirism:item_garlic":3,"minecraft:iron_ingot":10,"minecraft:cooked_chicken":2,"vampirism:hunter_axe_enhanced":4,"minecraft:iron_sword":1,"minecraft:oak_planks":415,"vampirism:cursed_spruce_log":32,"minecraft:cooked_porkchop":2,"minecraft:sweet_berries":55,"minecraft:spruce_sapling":4,"minecraft:spruce_log":18,"vampirism:pure_blood_0":3,"minecraft:stone_axe":3,"minecraft:golden_horse_armor":2,"vampirism:vampire_orchid":1,"minecraft:coal":59,"minecraft:wooden_axe":4},"minecraft:mined":{"minecraft:allium":1,"minecraft:grass_block":8,"vampirism:dark_spruce_log":8,"vampirism:vampire_orchid":1,"minecraft:spruce_leaves":16,"minecraft:spawner":1,"minecraft:large_fern":1,"minecraft:furnace":3,"minecraft:iron_ore":5,"minecraft:fire":1,"minecraft:stone":27,"vampirism:cursed_spruce_log":11,"minecraft:powder_snow":7,"minecraft:crafting_table":7,"minecraft:poppy":1,"minecraft:chest":1,"minecraft:rose_bush":7,"minecraft:campfire":1,"minecraft:tall_grass":2,"minecraft:cobblestone":3,"minecraft:oak_planks":11,"minecraft:diorite":1,"minecraft:birch_log":3,"minecraft:sweet_berry_bush":7,"minecraft:spruce_log":8,"vampirism:cursed_roots":1,"minecraft:grass":17,"minecraft:coal_ore":34,"minecraft:oak_log":37,"minecraft:dirt":12,"minecraft:oak_leaves":23,"minecraft:fern":1},"minecraft:killed":{"vampirism:vampire":11,"minecraft:skeleton":1,"minecraft:chicken":2,"vampirism:vampire_baron":1,"minecraft:pig":4,"minecraft:creeper":1,"minecraft:zombie":4,"minecraft:cow":3}},"DataVersion":3465}