{"stats":{"minecraft:picked_up":{"vampirism:garlic_diffuser_improved":2,"minecraft:magma_block":20,"minecraft:crafting_table":3,"vampirism:vampire_book":1,"vampirism:oblivion_potion":2,"minecraft:potato":1,"minecraft:gold_block":5,"minecraft:flint":3,"minecraft:oak_log":6,"vampirism:armor_of_swiftness_legs_ultimate":2,"minecraft:cobblestone_wall":1,"minecraft:paper":1,"minecraft:flint_and_steel":1,"minecraft:apple":10,"minecraft:stonecutter":2,"minecraft:wheat_seeds":1,"minecraft:cartography_table":2,"minecraft:spruce_planks":2,"vampirism:item_garlic":10,"vampirism:garlic_bread":9,"minecraft:iron_ingot":12,"minecraft:rabbit":1,"minecraft:chest":10,"minecraft:oak_planks":11,"minecraft:book":24,"minecraft:raw_iron":6,"minecraft:cooked_porkchop":1,"vampirism:basic_double_crossbow":1,"minecraft:torch":13,"minecraft:dandelion":4,"minecraft:spyglass":4,"minecraft:spruce_fence":1,"minecraft:gravel":28,"minecraft:fire_charge":2,"minecraft:porkchop":2,"minecraft:stripped_spruce_log":3,"minecraft:blast_furnace":3,"minecraft:carrot":6,"vampirism:hunter_table":2,"vampirism:basic_crossbow":1,"minecraft:hay_block":80,"minecraft:emerald":2,"minecraft:bread":1,"vampirism:item_alchemical_fire":8,"minecraft:netherrack":156,"minecraft:mutton":3,"vampirism:hunter_axe_normal":2,"minecraft:coal":127,"minecraft:cobblestone":34},"minecraft:killed":{"minecraft:skeleton":1},"minecraft:used":{"minecraft:stone_pickaxe":254,"minecraft:chest":7,"minecraft:spruce_planks":10,"minecraft:wooden_pickaxe":8,"minecraft:torch":18,"minecraft:spyglass":1,"minecraft:crafting_table":2,"minecraft:blast_furnace":2,"minecraft:golden_shovel":24,"minecraft:bread":5,"minecraft:iron_pickaxe":39,"minecraft:stone_axe":67,"minecraft:golden_sword":13,"minecraft:hay_block":2,"minecraft:cooked_porkchop":1},"minecraft:custom":{"minecraft:mob_kills":1,"minecraft:interact_with_crafting_table":6,"minecraft:open_barrel":6,"minecraft:bell_ring":1,"minecraft:leave_game":2,"minecraft:time_since_death":39073,"minecraft:sleep_in_bed":2,"minecraft:climb_one_cm":1933,"minecraft:time_since_rest":7854,"minecraft:damage_taken":190,"minecraft:walk_one_cm":70900,"minecraft:sprint_one_cm":90263,"minecraft:drop":19,"vampirism:interact_with_totem":1,"minecraft:damage_dealt":20,"minecraft:swim_one_cm":9538,"minecraft:talked_to_villager":1,"minecraft:fly_one_cm":173972,"minecraft:open_chest":13,"minecraft:play_time":39073,"minecraft:walk_under_water_one_cm":1285,"minecraft:jump":797,"minecraft:interact_with_blast_furnace":3,"minecraft:walk_on_water_one_cm":6885,"minecraft:total_world_time":39073,"minecraft:fall_one_cm":26132},"minecraft:crafted":{"minecraft:oak_planks":24,"minecraft:spruce_planks":12,"minecraft:wooden_pickaxe":1,"minecraft:stone_axe":1,"minecraft:air":0,"minecraft:stick":24,"minecraft:iron_ingot":6,"minecraft:iron_pickaxe":1,"minecraft:stone_pickaxe":3,"minecraft:torch":48},"minecraft:mined":{"minecraft:snow_block":11,"minecraft:powder_snow":1,"minecraft:crafting_table":3,"minecraft:torch":13,"minecraft:blast_furnace":3,"minecraft:grass_block":1,"minecraft:spruce_fence":1,"minecraft:chest":10,"minecraft:tall_grass":5,"vampirism:hunter_table":1,"minecraft:cartography_table":1,"minecraft:spruce_stairs":1,"minecraft:hay_block":39,"minecraft:magma_block":12,"minecraft:cobblestone_wall":1,"minecraft:iron_ore":6,"minecraft:barrel":1,"minecraft:snow":11,"minecraft:stripped_spruce_log":3,"minecraft:grass":11,"minecraft:bookshelf":4,"minecraft:oak_log":6,"minecraft:coal_ore":82,"vampirism:garlic_diffuser_improved":1,"minecraft:gravel":3,"minecraft:stone":20,"minecraft:stonecutter":1,"minecraft:netherrack":171,"minecraft:oak_leaves":1},"minecraft:broken":{"minecraft:stone_pickaxe":1},"minecraft:dropped":{"minecraft:porkchop":2,"minecraft:spyglass":2,"minecraft:wheat_seeds":1,"minecraft:cobblestone_wall":1,"minecraft:cobblestone":8,"minecraft:spruce_fence":1,"minecraft:emerald":2,"minecraft:potato":1,"minecraft:hay_block":4,"minecraft:stone_pickaxe":2,"minecraft:wooden_pickaxe":1,"minecraft:paper":1,"minecraft:netherrack":156,"minecraft:dandelion":4}},"DataVersion":3465}