{"stats":{"minecraft:dropped":{"minecraft:iron_ingot":6,"minecraft:brown_mushroom":2,"minecraft:wheat_seeds":4,"minecraft:oak_log":1,"minecraft:glass_bottle":2,"minecraft:feather":3,"minecraft:cobblestone":8,"minecraft:leather":3,"minecraft:dirt":18,"minecraft:mutton":6,"minecraft:rabbit":1,"vampirism:dark_spruce_log":2,"minecraft:wooden_sword":1,"minecraft:sand":16,"vampirism:injection_garlic":2,"minecraft:bone":4,"minecraft:stone_sword":1,"vampirism:vampire_orchid":1,"minecraft:rotten_flesh":11,"minecraft:stone_slab":2,"vampirism:hunter_axe_normal":1,"minecraft:poppy":2,"minecraft:cobblestone_slab":2,"minecraft:allium":1,"minecraft:glass":2},"minecraft:killed_by":{"vampirism:vampire_baron":3,"minecraft:zombie":2,"vampirism:vampire":3},"minecraft:broken":{"vampirism:stake":1,"minecraft:wooden_sword":1},"minecraft:custom":{"minecraft:mob_kills":47,"vampirism:killed_with_stake":12,"minecraft:interact_with_crafting_table":36,"minecraft:open_barrel":2,"minecraft:interact_with_campfire":12,"minecraft:damage_dealt_resisted":721,"minecraft:leave_game":2,"minecraft:time_since_death":320,"minecraft:climb_one_cm":5546,"minecraft:sprint_one_cm":375539,"minecraft:walk_one_cm":420975,"vampirism:interact_with_totem":2,"minecraft:drop":40,"vampirism:skills_unlocked":21,"minecraft:talked_to_villager":1,"minecraft:play_time":110636,"minecraft:deaths":9,"minecraft:sneak_time":444,"minecraft:walk_under_water_one_cm":3310,"minecraft:jump":2629,"minecraft:walk_on_water_one_cm":10214,"minecraft:total_world_time":110636,"vampirism:interact_with_injection_chair":4,"minecraft:interact_with_furnace":23,"minecraft:interact_with_cartography_table":1,"vampirism:interact_with_research_table":1,"vampirism:interact_with_garlic_diffuser":1,"minecraft:time_since_rest":353,"minecraft:damage_taken":4678,"vampirism:tasks_accepted":1,"minecraft:damage_dealt":12502,"minecraft:swim_one_cm":21584,"minecraft:fly_one_cm":489641,"minecraft:open_chest":31,"minecraft:crouch_one_cm":833,"minecraft:interact_with_smoker":1,"minecraft:fall_one_cm":70949},"minecraft:used":{"minecraft:stone_sword":138,"minecraft:chest":1,"minecraft:iron_sword":66,"vampirism:hunter_axe_enhanced":3,"minecraft:cooked_chicken":3,"minecraft:mutton":8,"minecraft:carrot":3,"evilcraft:flesh_humanoid":1,"minecraft:beef":8,"minecraft:sweet_berries":37,"minecraft:gold_block":2,"minecraft:potato":7,"vampirism:hunter_axe_normal":7,"minecraft:rabbit":1,"minecraft:stone_pickaxe":11,"minecraft:baked_potato":12,"minecraft:wooden_pickaxe":18,"minecraft:golden_apple":1,"minecraft:crafting_table":7,"vampirism:stake":152,"minecraft:apple":8,"minecraft:bread":18,"minecraft:wooden_sword":103,"minecraft:cooked_porkchop":3,"minecraft:porkchop":2,"vampirism:med_chair":2},"minecraft:crafted":{"minecraft:wooden_sword":2,"minecraft:oak_planks":40,"vampirism:injection_garlic":3,"minecraft:cooked_chicken":3,"vampirism:med_chair":1,"minecraft:glass_pane":32,"vampirism:injection_empty":3,"minecraft:glass":23,"minecraft:stone_pickaxe":1,"minecraft:glass_bottle":3,"minecraft:cooked_porkchop":1,"minecraft:crafting_table":1,"minecraft:wooden_pickaxe":1,"minecraft:baked_potato":4,"minecraft:iron_sword":1,"minecraft:stick":28,"minecraft:stone_sword":1},"minecraft:picked_up":{"minecraft:charcoal":8,"minecraft:crafting_table":14,"minecraft:allium":1,"minecraft:wheat":6,"minecraft:chicken":1,"vampirism:oblivion_potion":7,"vampirism:dark_spruce_log":2,"minecraft:brown_mushroom":2,"minecraft:stone_slab":2,"minecraft:wooden_pickaxe":3,"minecraft:gold_block":10,"minecraft:wooden_sword":1,"vampirism:cursed_earth":2,"minecraft:beef":8,"vampirism:injection_empty":1,"minecraft:cobblestone_slab":2,"minecraft:poppy":16,"minecraft:stick":16,"minecraft:porkchop":10,"vampirism:vampire_fang":17,"minecraft:iron_horse_armor":5,"minecraft:stone_sword":1,"minecraft:arrow":6,"minecraft:rotten_flesh":14,"minecraft:gold_ingot":2,"vampirism:item_alchemical_fire":2,"minecraft:mutton":13,"minecraft:white_wool":40,"minecraft:cobblestone":13,"minecraft:feather":3,"vampirism:vampire_blood_bottle":18,"vampirism:med_chair":7,"minecraft:leather":3,"minecraft:potato":34,"vampirism:stake":10,"minecraft:oak_log":11,"evilcraft:flesh_humanoid":5,"minecraft:dirt":20,"minecraft:glass":6,"vampirism:soul_orb_vampire":69,"minecraft:bone":4,"minecraft:wheat_seeds":56,"vampirism:item_garlic":2,"minecraft:iron_ingot":40,"minecraft:stone_pickaxe":7,"vampirism:hunter_axe_enhanced":5,"minecraft:iron_sword":6,"minecraft:oak_planks":66,"minecraft:cooked_porkchop":2,"minecraft:sweet_berries":50,"minecraft:sand":61,"minecraft:white_bed":1,"minecraft:spruce_log":5,"minecraft:pumpkin_seeds":12,"vampirism:basic_crossbow":5,"vampirism:enhanced_double_crossbow":5,"minecraft:bread":5,"vampirism:vampire_orchid":1,"minecraft:baked_potato":25,"vampirism:hunter_axe_normal":1},"minecraft:mined":{"minecraft:white_bed":1,"minecraft:grass_block":6,"vampirism:vampire_orchid":2,"minecraft:spruce_leaves":7,"minecraft:tall_seagrass":1,"minecraft:cobblestone_slab":2,"minecraft:stone":6,"minecraft:kelp_plant":1,"minecraft:powder_snow":2,"minecraft:crafting_table":6,"minecraft:campfire":1,"minecraft:stone_slab":1,"minecraft:cobblestone":3,"minecraft:tall_grass":7,"minecraft:wheat":10,"minecraft:sweet_berry_bush":27,"vampirism:med_chair":2,"minecraft:spruce_log":5,"minecraft:birch_leaves":1,"minecraft:pumpkin_stem":1,"minecraft:grass":40,"minecraft:oak_log":10,"minecraft:sand":30,"minecraft:dirt":13,"minecraft:fern":1},"minecraft:killed":{"vampirism:vampire":23,"minecraft:skeleton":2,"minecraft:chicken":1,"minecraft:pig":6,"minecraft:rabbit":1,"minecraft:sheep":7,"minecraft:zombie":4,"minecraft:cow":3}},"DataVersion":3465}