{
  "minecraft:recipes/decorations/crafting_table": {
    "criteria": {
      "unlock_right_away": "2024-06-13 04:34:17 +0000"
    },
    "done": true
  },
  "minecraft:adventure/adventuring_time": {
    "criteria": {
      "minecraft:old_growth_pine_taiga": "2024-06-13 04:48:23 +0000",
      "minecraft:taiga": "2024-06-13 04:38:09 +0000",
      "minecraft:beach": "2024-06-13 04:41:25 +0000",
      "minecraft:river": "2024-06-13 04:35:40 +0000",
      "minecraft:stony_shore": "2024-06-13 04:35:54 +0000",
      "minecraft:forest": "2024-06-13 04:35:56 +0000",
      "minecraft:old_growth_spruce_taiga": "2024-06-13 04:38:35 +0000",
      "minecraft:meadow": "2024-06-13 04:34:20 +0000",
      "minecraft:plains": "2024-06-13 04:35:11 +0000"
    },
    "done": false
  },
  "minecraft:recipes/misc/iron_nugget_from_smelting": {
    "criteria": {
      "has_iron_pickaxe": "2024-06-13 04:36:15 +0000"
    },
    "done": true
  },
  "minecraft:story/iron_tools": {
    "criteria": {
      "iron_pickaxe": "2024-06-13 04:36:15 +0000"
    },
    "done": true
  },
  "minecraft:recipes/misc/gold_nugget_from_smelting": {
    "criteria": {
      "has_golden_sword": "2024-06-13 04:36:15 +0000"
    },
    "done": true
  },
  "minecraft:recipes/misc/gold_nugget_from_blasting": {
    "criteria": {
      "has_golden_sword": "2024-06-13 04:36:15 +0000"
    },
    "done": true
  },
  "minecraft:recipes/misc/iron_nugget_from_blasting": {
    "criteria": {
      "has_iron_pickaxe": "2024-06-13 04:36:15 +0000"
    },
    "done": true
  },
  "vampirism:recipes/decorations/general/grave_cage": {
    "criteria": {
      "has_coal": "2024-06-13 04:36:19 +0000"
    },
    "done": true
  },
  "minecraft:recipes/misc/gold_ingot_from_gold_block": {
    "criteria": {
      "has_gold_block": "2024-06-13 04:36:19 +0000"
    },
    "done": true
  },
  "minecraft:recipes/decorations/oak_sign": {
    "criteria": {
      "has_planks": "2024-06-13 04:36:19 +0000"
    },
    "done": true
  },
  "minecraft:recipes/redstone/oak_trapdoor": {
    "criteria": {
      "has_planks": "2024-06-13 04:36:19 +0000"
    },
    "done": true
  },
  "minecraft:recipes/decorations/chest": {
    "criteria": {
      "has_lots_of_items": "2024-06-13 04:36:19 +0000"
    },
    "done": true
  },
  "minecraft:recipes/misc/stick": {
    "criteria": {
      "has_planks": "2024-06-13 04:36:19 +0000"
    },
    "done": true
  },
  "minecraft:recipes/building_blocks/emerald_block": {
    "criteria": {
      "has_emerald": "2024-06-13 04:36:19 +0000"
    },
    "done": true
  },
  "vampirism:main/root": {
    "criteria": {
      "second": "2024-06-13 04:36:19 +0000"
    },
    "done": true
  },
  "minecraft:recipes/building_blocks/oak_stairs": {
    "criteria": {
      "has_planks": "2024-06-13 04:36:19 +0000"
    },
    "done": true
  },
  "minecraft:recipes/decorations/oak_fence": {
    "criteria": {
      "has_planks": "2024-06-13 04:36:19 +0000"
    },
    "done": true
  },
  "vampirism:recipes/decorations/vampire/altar_inspiration": {
    "criteria": {
      "has_planks": "2024-06-13 04:36:19 +0000"
    },
    "done": true
  },
  "minecraft:recipes/redstone/target": {
    "criteria": {
      "has_hay_block": "2024-06-13 04:36:19 +0000"
    },
    "done": true
  },
  "minecraft:recipes/building_blocks/coal_block": {
    "criteria": {
      "has_coal": "2024-06-13 04:36:19 +0000"
    },
    "done": true
  },
  "minecraft:recipes/redstone/oak_button": {
    "criteria": {
      "has_planks": "2024-06-13 04:36:19 +0000"
    },
    "done": true
  },
  "vampirism:recipes/decorations/general/throne": {
    "criteria": {
      "has_planks": "2024-06-13 04:36:19 +0000"
    },
    "done": true
  },
  "minecraft:recipes/building_blocks/oak_slab": {
    "criteria": {
      "has_planks": "2024-06-13 04:36:19 +0000"
    },
    "done": true
  },
  "vampirism:main/ancient_knowledge": {
    "criteria": {
      "blood_container": "2024-06-13 04:36:19 +0000"
    },
    "done": true
  },
  "vampirism:recipes/food/general/garlic_bread": {
    "criteria": {
      "has_garlic": "2024-06-13 04:36:19 +0000"
    },
    "done": true
  },
  "minecraft:recipes/decorations/campfire": {
    "criteria": {
      "has_coal": "2024-06-13 04:36:19 +0000"
    },
    "done": true
  },
  "vampirism:recipes/decorations/hunter/cross": {
    "criteria": {
      "has_planks": "2024-06-13 04:36:19 +0000"
    },
    "done": true
  },
  "minecraft:recipes/redstone/oak_fence_gate": {
    "criteria": {
      "has_planks": "2024-06-13 04:36:19 +0000"
    },
    "done": true
  },
  "vampirism:recipes/decorations/bat_cage": {
    "criteria": {
      "has_planks": "2024-06-13 04:36:19 +0000"
    },
    "done": true
  },
  "minecraft:recipes/redstone/oak_pressure_plate": {
    "criteria": {
      "has_planks": "2024-06-13 04:36:19 +0000"
    },
    "done": true
  },
  "vampirism:recipes/combat/weapontable/crucifix_ultimate": {
    "criteria": {
      "gold": "2024-06-13 04:36:19 +0000"
    },
    "done": true
  },
  "minecraft:recipes/redstone/oak_door": {
    "criteria": {
      "has_planks": "2024-06-13 04:36:19 +0000"
    },
    "done": true
  },
  "minecraft:recipes/transportation/carrot_on_a_stick": {
    "criteria": {
      "has_carrot": "2024-06-13 04:36:19 +0000"
    },
    "done": true
  },
  "vampirism:recipes/misc/vampire/garlic_finder": {
    "criteria": {
      "has_garlic": "2024-06-13 04:36:19 +0000"
    },
    "done": true
  },
  "vampirism:recipes/combat/alchemy_table": {
    "criteria": {
      "has_planks": "2024-06-13 04:36:19 +0000"
    },
    "done": true
  },
  "vampirism:recipes/combat/hunter/crucifix": {
    "criteria": {
      "planks": "2024-06-13 04:36:19 +0000"
    },
    "done": true
  },
  "minecraft:recipes/decorations/barrel": {
    "criteria": {
      "has_planks": "2024-06-13 04:36:19 +0000"
    },
    "done": true
  },
  "minecraft:recipes/misc/wheat": {
    "criteria": {
      "has_hay_block": "2024-06-13 04:36:19 +0000"
    },
    "done": true
  },
  "vampirism:recipes/decorations/general/vampire_rack": {
    "criteria": {
      "has_planks": "2024-06-13 04:36:19 +0000"
    },
    "done": true
  },
  "vampirism:recipes/decorations/general/altar_cleansing": {
    "criteria": {
      "has_vampire_book": "2024-06-13 04:36:19 +0000"
    },
    "done": true
  },
  "minecraft:recipes/building_blocks/coarse_dirt": {
    "criteria": {
      "has_gravel": "2024-06-13 04:36:20 +0000"
    },
    "done": true
  },
  "minecraft:recipes/building_blocks/light_gray_concrete_powder": {
    "criteria": {
      "has_gravel": "2024-06-13 04:36:20 +0000"
    },
    "done": true
  },
  "minecraft:recipes/building_blocks/pink_concrete_powder": {
    "criteria": {
      "has_gravel": "2024-06-13 04:36:20 +0000"
    },
    "done": true
  },
  "minecraft:recipes/decorations/fletching_table": {
    "criteria": {
      "has_flint": "2024-06-13 04:36:20 +0000"
    },
    "done": true
  },
  "minecraft:recipes/building_blocks/bookshelf": {
    "criteria": {
      "has_book": "2024-06-13 04:36:20 +0000"
    },
    "done": true
  },
  "minecraft:recipes/building_blocks/red_concrete_powder": {
    "criteria": {
      "has_gravel": "2024-06-13 04:36:20 +0000"
    },
    "done": true
  },
  "minecraft:recipes/building_blocks/brown_concrete_powder": {
    "criteria": {
      "has_gravel": "2024-06-13 04:36:20 +0000"
    },
    "done": true
  },
  "minecraft:recipes/building_blocks/light_blue_concrete_powder": {
    "criteria": {
      "has_gravel": "2024-06-13 04:36:20 +0000"
    },
    "done": true
  },
  "minecraft:recipes/building_blocks/green_concrete_powder": {
    "criteria": {
      "has_gravel": "2024-06-13 04:36:20 +0000"
    },
    "done": true
  },
  "minecraft:recipes/combat/arrow": {
    "criteria": {
      "has_flint": "2024-06-13 04:36:20 +0000"
    },
    "done": true
  },
  "minecraft:recipes/building_blocks/blue_concrete_powder": {
    "criteria": {
      "has_gravel": "2024-06-13 04:36:20 +0000"
    },
    "done": true
  },
  "minecraft:recipes/redstone/lectern": {
    "criteria": {
      "has_book": "2024-06-13 04:36:20 +0000"
    },
    "done": true
  },
  "minecraft:recipes/building_blocks/white_concrete_powder": {
    "criteria": {
      "has_gravel": "2024-06-13 04:36:20 +0000"
    },
    "done": true
  },
  "minecraft:recipes/building_blocks/chiseled_bookshelf": {
    "criteria": {
      "has_book": "2024-06-13 04:36:20 +0000"
    },
    "done": true
  },
  "minecraft:recipes/misc/writable_book": {
    "criteria": {
      "has_book": "2024-06-13 04:36:20 +0000"
    },
    "done": true
  },
  "vampirism:recipes/decorations/general/altar_cleansing_new": {
    "criteria": {
      "has_book": "2024-06-13 04:36:20 +0000"
    },
    "done": true
  },
  "minecraft:recipes/building_blocks/lime_concrete_powder": {
    "criteria": {
      "has_gravel": "2024-06-13 04:36:20 +0000"
    },
    "done": true
  },
  "minecraft:recipes/building_blocks/orange_concrete_powder": {
    "criteria": {
      "has_gravel": "2024-06-13 04:36:20 +0000"
    },
    "done": true
  },
  "minecraft:recipes/building_blocks/magenta_concrete_powder": {
    "criteria": {
      "has_gravel": "2024-06-13 04:36:20 +0000"
    },
    "done": true
  },
  "minecraft:recipes/tools/flint_and_steel": {
    "criteria": {
      "has_flint": "2024-06-13 04:36:20 +0000"
    },
    "done": true
  },
  "minecraft:recipes/building_blocks/yellow_concrete_powder": {
    "criteria": {
      "has_gravel": "2024-06-13 04:36:20 +0000"
    },
    "done": true
  },
  "minecraft:recipes/building_blocks/gray_concrete_powder": {
    "criteria": {
      "has_gravel": "2024-06-13 04:36:20 +0000"
    },
    "done": true
  },
  "minecraft:recipes/building_blocks/black_concrete_powder": {
    "criteria": {
      "has_gravel": "2024-06-13 04:36:20 +0000"
    },
    "done": true
  },
  "minecraft:recipes/building_blocks/purple_concrete_powder": {
    "criteria": {
      "has_gravel": "2024-06-13 04:36:20 +0000"
    },
    "done": true
  },
  "minecraft:recipes/building_blocks/cyan_concrete_powder": {
    "criteria": {
      "has_gravel": "2024-06-13 04:36:20 +0000"
    },
    "done": true
  },
  "minecraft:recipes/combat/iron_leggings": {
    "criteria": {
      "has_iron_ingot": "2024-06-13 04:36:22 +0000"
    },
    "done": true
  },
  "minecraft:recipes/combat/iron_chestplate": {
    "criteria": {
      "has_iron_ingot": "2024-06-13 04:36:22 +0000"
    },
    "done": true
  },
  "vampirism:recipes/decorations/hunter/item_med_chair": {
    "criteria": {
      "has_iron_ingot": "2024-06-13 04:36:22 +0000"
    },
    "done": true
  },
  "minecraft:recipes/misc/iron_nugget": {
    "criteria": {
      "has_iron_ingot": "2024-06-13 04:36:22 +0000"
    },
    "done": true
  },
  "minecraft:recipes/misc/bucket": {
    "criteria": {
      "has_iron_ingot": "2024-06-13 04:36:22 +0000"
    },
    "done": true
  },
  "minecraft:recipes/combat/iron_helmet": {
    "criteria": {
      "has_iron_ingot": "2024-06-13 04:36:22 +0000"
    },
    "done": true
  },
  "minecraft:recipes/transportation/minecart": {
    "criteria": {
      "has_iron_ingot": "2024-06-13 04:36:22 +0000"
    },
    "done": true
  },
  "minecraft:recipes/tools/iron_hoe": {
    "criteria": {
      "has_iron_ingot": "2024-06-13 04:36:22 +0000"
    },
    "done": true
  },
  "minecraft:story/smelt_iron": {
    "criteria": {
      "iron": "2024-06-13 04:36:22 +0000"
    },
    "done": true
  },
  "minecraft:recipes/tools/shears": {
    "criteria": {
      "has_iron_ingot": "2024-06-13 04:36:22 +0000"
    },
    "done": true
  },
  "vampirism:recipes/combat/weapontable/crucifix_enhanced": {
    "criteria": {
      "iron": "2024-06-13 04:36:22 +0000"
    },
    "done": true
  },
  "vampirism:recipes/misc/vampire/blood_infused_enhanced_iron_ingot": {
    "criteria": {
      "has_iron": "2024-06-13 04:36:22 +0000"
    },
    "done": true
  },
  "minecraft:recipes/decorations/chain": {
    "criteria": {
      "has_iron_ingot": "2024-06-13 04:36:22 +0000"
    },
    "done": true
  },
  "vampirism:recipes/misc/vampire/blood_infused_iron_ingot": {
    "criteria": {
      "has_iron": "2024-06-13 04:36:22 +0000"
    },
    "done": true
  },
  "minecraft:recipes/building_blocks/iron_block": {
    "criteria": {
      "has_iron_ingot": "2024-06-13 04:36:22 +0000"
    },
    "done": true
  },
  "minecraft:recipes/decorations/smithing_table": {
    "criteria": {
      "has_iron_ingot": "2024-06-13 04:36:22 +0000"
    },
    "done": true
  },
  "vampirism:recipes/decorations/vampire/candelabra": {
    "criteria": {
      "has_iron": "2024-06-13 04:36:22 +0000"
    },
    "done": true
  },
  "vampirism:recipes/decorations/vampire/altar_tip": {
    "criteria": {
      "has_iron": "2024-06-13 04:36:22 +0000"
    },
    "done": true
  },
  "minecraft:recipes/combat/iron_sword": {
    "criteria": {
      "has_iron_ingot": "2024-06-13 04:36:22 +0000"
    },
    "done": true
  },
  "minecraft:recipes/tools/iron_pickaxe": {
    "criteria": {
      "has_iron_ingot": "2024-06-13 04:36:22 +0000"
    },
    "done": true
  },
  "minecraft:recipes/combat/shield": {
    "criteria": {
      "has_iron_ingot": "2024-06-13 04:36:22 +0000"
    },
    "done": true
  },
  "vampirism:recipes/decorations/vampire/blood_container": {
    "criteria": {
      "has_iron": "2024-06-13 04:36:22 +0000"
    },
    "done": true
  },
  "minecraft:recipes/redstone/hopper": {
    "criteria": {
      "has_iron_ingot": "2024-06-13 04:36:22 +0000"
    },
    "done": true
  },
  "minecraft:recipes/decorations/iron_bars": {
    "criteria": {
      "has_iron_ingot": "2024-06-13 04:36:22 +0000"
    },
    "done": true
  },
  "minecraft:recipes/combat/iron_boots": {
    "criteria": {
      "has_iron_ingot": "2024-06-13 04:36:22 +0000"
    },
    "done": true
  },
  "vampirism:recipes/decorations/vampire/candle_stick": {
    "criteria": {
      "has_iron": "2024-06-13 04:36:22 +0000"
    },
    "done": true
  },
  "minecraft:recipes/decorations/lantern": {
    "criteria": {
      "has_iron_ingot": "2024-06-13 04:36:22 +0000"
    },
    "done": true
  },
  "minecraft:recipes/tools/iron_shovel": {
    "criteria": {
      "has_iron_ingot": "2024-06-13 04:36:22 +0000"
    },
    "done": true
  },
  "vampirism:recipes/decorations/hunter/alchemical_cauldron": {
    "criteria": {
      "has_iron": "2024-06-13 04:36:22 +0000"
    },
    "done": true
  },
  "vampirism:recipes/combat/hunter/crossbow_arrow_normal": {
    "criteria": {
      "has_iron_ingot": "2024-06-13 04:36:22 +0000"
    },
    "done": true
  },
  "vampirism:recipes/decorations/vampire/candelabra_candles": {
    "criteria": {
      "has_iron": "2024-06-13 04:36:22 +0000"
    },
    "done": true
  },
  "minecraft:recipes/redstone/iron_trapdoor": {
    "criteria": {
      "has_iron_ingot": "2024-06-13 04:36:22 +0000"
    },
    "done": true
  },
  "vampirism:recipes/decorations/hunter/weapon_table": {
    "criteria": {
      "has_iron_ingot": "2024-06-13 04:36:22 +0000"
    },
    "done": true
  },
  "minecraft:recipes/tools/iron_axe": {
    "criteria": {
      "has_iron_ingot": "2024-06-13 04:36:22 +0000"
    },
    "done": true
  },
  "minecraft:recipes/combat/crossbow": {
    "criteria": {
      "has_iron_ingot": "2024-06-13 04:36:22 +0000"
    },
    "done": true
  },
  "minecraft:recipes/redstone/iron_door": {
    "criteria": {
      "has_iron_ingot": "2024-06-13 04:36:22 +0000"
    },
    "done": true
  },
  "minecraft:recipes/redstone/heavy_weighted_pressure_plate": {
    "criteria": {
      "has_iron_ingot": "2024-06-13 04:36:22 +0000"
    },
    "done": true
  },
  "minecraft:recipes/transportation/cherry_boat": {
    "criteria": {
      "in_water": "2024-06-13 04:36:33 +0000"
    },
    "done": true
  },
  "minecraft:recipes/transportation/bamboo_raft": {
    "criteria": {
      "in_water": "2024-06-13 04:36:33 +0000"
    },
    "done": true
  },
  "minecraft:recipes/transportation/spruce_boat": {
    "criteria": {
      "in_water": "2024-06-13 04:36:33 +0000"
    },
    "done": true
  },
  "minecraft:recipes/transportation/birch_boat": {
    "criteria": {
      "in_water": "2024-06-13 04:36:33 +0000"
    },
    "done": true
  },
  "minecraft:recipes/transportation/oak_boat": {
    "criteria": {
      "in_water": "2024-06-13 04:36:33 +0000"
    },
    "done": true
  },
  "vampirism:recipes/transportation/cursed_spruce_boat": {
    "criteria": {
      "in_water": "2024-06-13 04:36:33 +0000"
    },
    "done": true
  },
  "minecraft:recipes/transportation/mangrove_boat": {
    "criteria": {
      "in_water": "2024-06-13 04:36:33 +0000"
    },
    "done": true
  },
  "vampirism:recipes/transportation/dark_spruce_boat": {
    "criteria": {
      "in_water": "2024-06-13 04:36:33 +0000"
    },
    "done": true
  },
  "minecraft:recipes/transportation/acacia_boat": {
    "criteria": {
      "in_water": "2024-06-13 04:36:33 +0000"
    },
    "done": true
  },
  "minecraft:recipes/transportation/jungle_boat": {
    "criteria": {
      "in_water": "2024-06-13 04:36:33 +0000"
    },
    "done": true
  },
  "minecraft:recipes/transportation/dark_oak_boat": {
    "criteria": {
      "in_water": "2024-06-13 04:36:33 +0000"
    },
    "done": true
  },
  "vampirism:main/vampire_forest": {
    "criteria": {
      "main": "2024-06-13 04:37:10 +0000"
    },
    "done": true
  },
  "minecraft:husbandry/root": {
    "criteria": {
      "consumed_item": "2024-06-13 04:40:33 +0000"
    },
    "done": true
  },
  "minecraft:husbandry/balanced_diet": {
    "criteria": {
      "sweet_berries": "2024-06-13 05:56:38 +0000",
      "baked_potato": "2024-06-13 06:06:43 +0000",
      "bread": "2024-06-13 04:50:53 +0000",
      "carrot": "2024-06-13 04:40:33 +0000"
    },
    "done": false
  },
  "vampirism:recipes/decorations/vampire/fog_diffuser": {
    "criteria": {
      "has_diamond": "2024-06-13 04:42:07 +0000"
    },
    "done": true
  },
  "minecraft:recipes/combat/diamond_leggings": {
    "criteria": {
      "has_diamond": "2024-06-13 04:42:07 +0000"
    },
    "done": true
  },
  "minecraft:recipes/combat/diamond_sword": {
    "criteria": {
      "has_diamond": "2024-06-13 04:42:07 +0000"
    },
    "done": true
  },
  "minecraft:recipes/decorations/jukebox": {
    "criteria": {
      "has_diamond": "2024-06-13 04:42:07 +0000"
    },
    "done": true
  },
  "minecraft:recipes/combat/diamond_chestplate": {
    "criteria": {
      "has_diamond": "2024-06-13 04:42:07 +0000"
    },
    "done": true
  },
  "minecraft:recipes/tools/diamond_pickaxe": {
    "criteria": {
      "has_diamond": "2024-06-13 04:42:07 +0000"
    },
    "done": true
  },
  "minecraft:recipes/tools/diamond_hoe": {
    "criteria": {
      "has_diamond": "2024-06-13 04:42:07 +0000"
    },
    "done": true
  },
  "minecraft:recipes/tools/diamond_shovel": {
    "criteria": {
      "has_diamond": "2024-06-13 04:42:07 +0000"
    },
    "done": true
  },
  "minecraft:recipes/combat/diamond_boots": {
    "criteria": {
      "has_diamond": "2024-06-13 04:42:07 +0000"
    },
    "done": true
  },
  "vampirism:recipes/decorations/hunter/garlic_diffuser_normal": {
    "criteria": {
      "has_diamond": "2024-06-13 04:42:07 +0000"
    },
    "done": true
  },
  "minecraft:recipes/combat/diamond_helmet": {
    "criteria": {
      "has_diamond": "2024-06-13 04:42:07 +0000"
    },
    "done": true
  },
  "minecraft:recipes/building_blocks/diamond_block": {
    "criteria": {
      "has_diamond": "2024-06-13 04:42:07 +0000"
    },
    "done": true
  },
  "minecraft:story/mine_diamond": {
    "criteria": {
      "diamond": "2024-06-13 04:42:07 +0000"
    },
    "done": true
  },
  "minecraft:recipes/tools/diamond_axe": {
    "criteria": {
      "has_diamond": "2024-06-13 04:42:07 +0000"
    },
    "done": true
  },
  "vampirism:recipes/decorations/vampire/blood_pedestal": {
    "criteria": {
      "has_gold": "2024-06-13 04:42:12 +0000"
    },
    "done": true
  },
  "minecraft:recipes/tools/golden_axe": {
    "criteria": {
      "has_gold_ingot": "2024-06-13 04:42:12 +0000"
    },
    "done": true
  },
  "minecraft:recipes/tools/golden_pickaxe": {
    "criteria": {
      "has_gold_ingot": "2024-06-13 04:42:12 +0000"
    },
    "done": true
  },
  "minecraft:recipes/misc/gold_nugget": {
    "criteria": {
      "has_gold_ingot": "2024-06-13 04:42:12 +0000"
    },
    "done": true
  },
  "vampirism:recipes/decorations/vampire/altar_infusion": {
    "criteria": {
      "has_gold": "2024-06-13 04:42:12 +0000"
    },
    "done": true
  },
  "minecraft:recipes/tools/golden_shovel": {
    "criteria": {
      "has_gold_ingot": "2024-06-13 04:42:12 +0000"
    },
    "done": true
  },
  "vampirism:recipes/combat/vampire/vampire_clothing_crown": {
    "criteria": {
      "has_gold": "2024-06-13 04:42:12 +0000"
    },
    "done": true
  },
  "minecraft:recipes/food/golden_apple": {
    "criteria": {
      "has_gold_ingot": "2024-06-13 04:42:12 +0000"
    },
    "done": true
  },
  "minecraft:recipes/combat/golden_boots": {
    "criteria": {
      "has_gold_ingot": "2024-06-13 04:42:12 +0000"
    },
    "done": true
  },
  "minecraft:recipes/combat/golden_helmet": {
    "criteria": {
      "has_gold_ingot": "2024-06-13 04:42:12 +0000"
    },
    "done": true
  },
  "minecraft:recipes/combat/golden_chestplate": {
    "criteria": {
      "has_gold_ingot": "2024-06-13 04:42:12 +0000"
    },
    "done": true
  },
  "minecraft:recipes/redstone/light_weighted_pressure_plate": {
    "criteria": {
      "has_gold_ingot": "2024-06-13 04:42:12 +0000"
    },
    "done": true
  },
  "minecraft:recipes/combat/golden_sword": {
    "criteria": {
      "has_gold_ingot": "2024-06-13 04:42:12 +0000"
    },
    "done": true
  },
  "minecraft:recipes/building_blocks/gold_block": {
    "criteria": {
      "has_gold_ingot": "2024-06-13 04:42:12 +0000"
    },
    "done": true
  },
  "minecraft:recipes/tools/golden_hoe": {
    "criteria": {
      "has_gold_ingot": "2024-06-13 04:42:12 +0000"
    },
    "done": true
  },
  "minecraft:recipes/combat/golden_leggings": {
    "criteria": {
      "has_gold_ingot": "2024-06-13 04:42:12 +0000"
    },
    "done": true
  },
  "minecraft:recipes/misc/stick_from_bamboo_item": {
    "criteria": {
      "has_bamboo": "2024-06-13 04:42:48 +0000"
    },
    "done": true
  },
  "minecraft:recipes/building_blocks/bamboo_block": {
    "criteria": {
      "has_bamboo": "2024-06-13 04:42:48 +0000"
    },
    "done": true
  },
  "minecraft:recipes/decorations/scaffolding": {
    "criteria": {
      "has_bamboo": "2024-06-13 04:42:48 +0000"
    },
    "done": true
  },
  "vampirism:recipes/decorations/hunter/hunter_table": {
    "criteria": {
      "has_fang": "2024-06-13 04:42:57 +0000"
    },
    "done": true
  },
  "minecraft:adventure/sleep_in_bed": {
    "criteria": {
      "slept_in_bed": "2024-06-13 05:29:43 +0000"
    },
    "done": true
  },
  "vampirism:hunter/become_hunter": {
    "criteria": {
      "main": "2024-06-13 05:30:48 +0000"
    },
    "done": true
  },
  "vampirism:hunter/technology": {
    "criteria": {
      "main": "2024-06-13 05:30:48 +0000"
    },
    "done": false
  },
  "vampirism:hunter/kill_resurrected_vampire": {
    "criteria": {
      "main": "2024-06-13 05:30:48 +0000"
    },
    "done": false
  },
  "vampirism:hunter/cure_vampire_villager": {
    "criteria": {
      "main": "2024-06-13 05:30:48 +0000"
    },
    "done": false
  },
  "vampirism:hunter/max_lord": {
    "criteria": {
      "main": "2024-06-13 05:30:48 +0000"
    },
    "done": false
  },
  "vampirism:hunter/betrayal": {
    "criteria": {
      "faction": "2024-06-13 05:30:48 +0000"
    },
    "done": false
  },
  "vampirism:hunter/stake": {
    "criteria": {
      "main": "2024-06-13 05:30:48 +0000",
      "flower": "2024-06-13 05:47:39 +0000"
    },
    "done": true
  },
  "vampirism:hunter/kill_mother": {
    "criteria": {
      "main": "2024-06-13 05:30:48 +0000"
    },
    "done": false
  },
  "minecraft:recipes/building_blocks/spruce_wood": {
    "criteria": {
      "has_log": "2024-06-13 05:31:11 +0000"
    },
    "done": true
  },
  "vampirism:recipes/decorations/general/fire_place": {
    "criteria": {
      "has_logs": "2024-06-13 05:31:11 +0000"
    },
    "done": true
  },
  "minecraft:recipes/building_blocks/spruce_planks": {
    "criteria": {
      "has_logs": "2024-06-13 05:31:11 +0000"
    },
    "done": true
  },
  "minecraft:recipes/misc/charcoal": {
    "criteria": {
      "has_log": "2024-06-13 05:31:11 +0000"
    },
    "done": true
  },
  "minecraft:recipes/decorations/spruce_sign": {
    "criteria": {
      "has_planks": "2024-06-13 05:31:30 +0000"
    },
    "done": true
  },
  "minecraft:recipes/decorations/spruce_fence": {
    "criteria": {
      "has_planks": "2024-06-13 05:31:30 +0000"
    },
    "done": true
  },
  "minecraft:recipes/building_blocks/spruce_slab": {
    "criteria": {
      "has_planks": "2024-06-13 05:31:30 +0000"
    },
    "done": true
  },
  "minecraft:recipes/redstone/spruce_button": {
    "criteria": {
      "has_planks": "2024-06-13 05:31:30 +0000"
    },
    "done": true
  },
  "minecraft:recipes/redstone/spruce_pressure_plate": {
    "criteria": {
      "has_planks": "2024-06-13 05:31:30 +0000"
    },
    "done": true
  },
  "minecraft:recipes/redstone/spruce_trapdoor": {
    "criteria": {
      "has_planks": "2024-06-13 05:31:30 +0000"
    },
    "done": true
  },
  "minecraft:recipes/redstone/spruce_door": {
    "criteria": {
      "has_planks": "2024-06-13 05:31:30 +0000"
    },
    "done": true
  },
  "minecraft:recipes/redstone/spruce_fence_gate": {
    "criteria": {
      "has_planks": "2024-06-13 05:31:30 +0000"
    },
    "done": true
  },
  "minecraft:recipes/building_blocks/spruce_stairs": {
    "criteria": {
      "has_planks": "2024-06-13 05:31:30 +0000"
    },
    "done": true
  },
  "minecraft:recipes/decorations/ladder": {
    "criteria": {
      "has_stick": "2024-06-13 05:31:34 +0000"
    },
    "done": true
  },
  "vampirism:recipes/combat/hunter/stake": {
    "criteria": {
      "has_sticks": "2024-06-13 05:31:34 +0000"
    },
    "done": true
  },
  "minecraft:recipes/tools/wooden_axe": {
    "criteria": {
      "has_stick": "2024-06-13 05:31:34 +0000"
    },
    "done": true
  },
  "minecraft:recipes/tools/wooden_hoe": {
    "criteria": {
      "has_stick": "2024-06-13 05:31:34 +0000"
    },
    "done": true
  },
  "minecraft:recipes/tools/wooden_pickaxe": {
    "criteria": {
      "has_stick": "2024-06-13 05:31:34 +0000"
    },
    "done": true
  },
  "minecraft:recipes/tools/wooden_shovel": {
    "criteria": {
      "has_stick": "2024-06-13 05:31:34 +0000"
    },
    "done": true
  },
  "minecraft:recipes/combat/wooden_sword": {
    "criteria": {
      "has_stick": "2024-06-13 05:31:34 +0000"
    },
    "done": true
  },
  "minecraft:story/obtain_armor": {
    "criteria": {
      "iron_chestplate": "2024-06-13 05:32:53 +0000"
    },
    "done": true
  },
  "minecraft:recipes/misc/red_dye_from_poppy": {
    "criteria": {
      "has_poppy": "2024-06-13 05:33:10 +0000"
    },
    "done": true
  },
  "minecraft:adventure/kill_all_mobs": {
    "criteria": {
      "minecraft:spider": "2024-06-13 05:35:39 +0000",
      "minecraft:creeper": "2024-06-13 06:37:05 +0000",
      "minecraft:zombie": "2024-06-13 06:14:31 +0000",
      "minecraft:drowned": "2024-06-13 06:16:53 +0000"
    },
    "done": false
  },
  "minecraft:adventure/root": {
    "criteria": {
      "killed_something": "2024-06-13 05:35:39 +0000"
    },
    "done": true
  },
  "minecraft:adventure/kill_a_mob": {
    "criteria": {
      "minecraft:spider": "2024-06-13 05:35:39 +0000"
    },
    "done": true
  },
  "minecraft:recipes/combat/bow": {
    "criteria": {
      "has_string": "2024-06-13 05:35:40 +0000"
    },
    "done": true
  },
  "minecraft:recipes/tools/fishing_rod": {
    "criteria": {
      "has_string": "2024-06-13 05:35:40 +0000"
    },
    "done": true
  },
  "minecraft:recipes/redstone/tripwire_hook": {
    "criteria": {
      "has_string": "2024-06-13 05:35:40 +0000"
    },
    "done": true
  },
  "minecraft:recipes/decorations/candle": {
    "criteria": {
      "has_string": "2024-06-13 05:35:40 +0000"
    },
    "done": true
  },
  "vampirism:recipes/decorations/vampire/chandelier": {
    "criteria": {
      "has_string": "2024-06-13 05:35:40 +0000"
    },
    "done": true
  },
  "minecraft:recipes/building_blocks/white_wool_from_string": {
    "criteria": {
      "has_string": "2024-06-13 05:35:40 +0000"
    },
    "done": true
  },
  "minecraft:recipes/decorations/loom": {
    "criteria": {
      "has_string": "2024-06-13 05:35:40 +0000"
    },
    "done": true
  },
  "vampirism:recipes/alchemy_table/alchemy_table/vampire_blood_oil": {
    "criteria": {
      "has_wheat_seeds": "2024-06-13 05:36:17 +0000"
    },
    "done": true
  },
  "vampirism:recipes/alchemy_table/alchemy_table/plant_oil": {
    "criteria": {
      "has_bottles": "2024-06-13 05:36:42 +0000"
    },
    "done": true
  },
  "vampirism:recipes/decorations/hunter/potion_table": {
    "criteria": {
      "has_glass_bottle": "2024-06-13 05:36:42 +0000"
    },
    "done": true
  },
  "minecraft:recipes/misc/bowl": {
    "criteria": {
      "has_brown_mushroom": "2024-06-13 05:36:45 +0000"
    },
    "done": true
  },
  "minecraft:recipes/food/mushroom_stew": {
    "criteria": {
      "has_brown_mushroom": "2024-06-13 05:36:45 +0000"
    },
    "done": true
  },
  "minecraft:recipes/decorations/grindstone": {
    "criteria": {
      "has_stone_slab": "2024-06-13 05:36:53 +0000"
    },
    "done": true
  },
  "minecraft:recipes/food/cooked_rabbit": {
    "criteria": {
      "has_rabbit": "2024-06-13 05:36:54 +0000"
    },
    "done": true
  },
  "minecraft:recipes/food/cooked_rabbit_from_smoking": {
    "criteria": {
      "has_rabbit": "2024-06-13 05:36:54 +0000"
    },
    "done": true
  },
  "minecraft:recipes/food/cooked_rabbit_from_campfire_cooking": {
    "criteria": {
      "has_rabbit": "2024-06-13 05:36:54 +0000"
    },
    "done": true
  },
  "vampirism:recipes/building_blocks/dark_spruce_wood": {
    "criteria": {
      "has_log": "2024-06-13 05:38:37 +0000"
    },
    "done": true
  },
  "vampirism:recipes/building_blocks/dark_spruce_planks": {
    "criteria": {
      "has_log": "2024-06-13 05:38:37 +0000"
    },
    "done": true
  },
  "vampirism:recipes/building_blocks/cursed_spruce_wood": {
    "criteria": {
      "has_log": "2024-06-13 05:38:57 +0000"
    },
    "done": true
  },
  "vampirism:recipes/building_blocks/cursed_spruce_planks": {
    "criteria": {
      "has_log": "2024-06-13 05:38:57 +0000"
    },
    "done": true
  },
  "minecraft:recipes/food/cake": {
    "criteria": {
      "has_egg": "2024-06-13 05:42:32 +0000"
    },
    "done": true
  },
  "minecraft:recipes/building_blocks/raw_iron_block": {
    "criteria": {
      "has_raw_iron": "2024-06-13 05:42:41 +0000"
    },
    "done": true
  },
  "minecraft:recipes/misc/iron_ingot_from_smelting_raw_iron": {
    "criteria": {
      "has_raw_iron": "2024-06-13 05:42:41 +0000"
    },
    "done": true
  },
  "minecraft:recipes/misc/iron_ingot_from_blasting_raw_iron": {
    "criteria": {
      "has_raw_iron": "2024-06-13 05:42:41 +0000"
    },
    "done": true
  },
  "minecraft:recipes/redstone/lever": {
    "criteria": {
      "has_cobblestone": "2024-06-13 05:42:45 +0000"
    },
    "done": true
  },
  "minecraft:recipes/combat/stone_sword": {
    "criteria": {
      "has_cobblestone": "2024-06-13 05:42:45 +0000"
    },
    "done": true
  },
  "minecraft:recipes/decorations/cobblestone_wall": {
    "criteria": {
      "has_cobblestone": "2024-06-13 05:42:45 +0000"
    },
    "done": true
  },
  "minecraft:recipes/tools/stone_axe": {
    "criteria": {
      "has_cobblestone": "2024-06-13 05:42:45 +0000"
    },
    "done": true
  },
  "minecraft:story/mine_stone": {
    "criteria": {
      "get_stone": "2024-06-13 05:42:45 +0000"
    },
    "done": true
  },
  "minecraft:recipes/decorations/furnace": {
    "criteria": {
      "has_cobblestone": "2024-06-13 05:42:45 +0000"
    },
    "done": true
  },
  "minecraft:recipes/building_blocks/cobblestone_slab_from_cobblestone_stonecutting": {
    "criteria": {
      "has_cobblestone": "2024-06-13 05:42:45 +0000"
    },
    "done": true
  },
  "minecraft:recipes/building_blocks/stone": {
    "criteria": {
      "has_cobblestone": "2024-06-13 05:42:45 +0000"
    },
    "done": true
  },
  "vampirism:recipes/decorations/general/tombstone2": {
    "criteria": {
      "has_coble": "2024-06-13 05:42:45 +0000"
    },
    "done": true
  },
  "minecraft:recipes/tools/stone_pickaxe": {
    "criteria": {
      "has_cobblestone": "2024-06-13 05:42:45 +0000"
    },
    "done": true
  },
  "minecraft:recipes/building_blocks/cobblestone_slab": {
    "criteria": {
      "has_cobblestone": "2024-06-13 05:42:45 +0000"
    },
    "done": true
  },
  "minecraft:recipes/decorations/cobblestone_wall_from_cobblestone_stonecutting": {
    "criteria": {
      "has_cobblestone": "2024-06-13 05:42:45 +0000"
    },
    "done": true
  },
  "minecraft:recipes/building_blocks/cobblestone_stairs_from_cobblestone_stonecutting": {
    "criteria": {
      "has_cobblestone": "2024-06-13 05:42:45 +0000"
    },
    "done": true
  },
  "minecraft:recipes/building_blocks/cobblestone_stairs": {
    "criteria": {
      "has_cobblestone": "2024-06-13 05:42:45 +0000"
    },
    "done": true
  },
  "minecraft:recipes/tools/stone_hoe": {
    "criteria": {
      "has_cobblestone": "2024-06-13 05:42:45 +0000"
    },
    "done": true
  },
  "minecraft:recipes/tools/stone_shovel": {
    "criteria": {
      "has_cobblestone": "2024-06-13 05:42:45 +0000"
    },
    "done": true
  },
  "vampirism:recipes/combat/weapontable/hunter_coat_head_normal": {
    "criteria": {
      "has_skill": "2024-06-13 06:13:23 +0000"
    },
    "done": true
  },
  "minecraft:recipes/decorations/lime_stained_glass_pane_from_glass_pane": {
    "criteria": {
      "has_glass_pane": "2024-06-13 05:56:24 +0000"
    },
    "done": true
  },
  "minecraft:recipes/food/cooked_chicken_from_campfire_cooking": {
    "criteria": {
      "has_chicken": "2024-06-13 06:36:26 +0000"
    },
    "done": true
  },
  "minecraft:recipes/food/baked_potato_from_campfire_cooking": {
    "criteria": {
      "has_potato": "2024-06-13 05:56:26 +0000"
    },
    "done": true
  },
  "vampirism:recipes/combat/weapontable/hunter_coat_feet_normal": {
    "criteria": {
      "has_skill": "2024-06-13 06:13:23 +0000"
    },
    "done": true
  },
  "vampirism:recipes/combat/weapontable/crossbow_arrow_vampire_killer": {
    "criteria": {
      "has_skill": "2024-06-13 06:13:23 +0000"
    },
    "done": true
  },
  "minecraft:recipes/decorations/cobbled_dark_stone_stairs_from_cobbled_dark_stone_stonecutting": {
    "criteria": {
      "has_cobbled_dark_stone": "2024-06-13 06:24:21 +0000"
    },
    "done": true
  },
  "minecraft:recipes/decorations/purple_stained_glass_pane_from_glass_pane": {
    "criteria": {
      "has_glass_pane": "2024-06-13 05:56:24 +0000"
    },
    "done": true
  },
  "evilcraft:root": {
    "criteria": {
      "criteria_0": "2024-06-13 05:55:36 +0000"
    },
    "done": true
  },
  "vampirism:recipes/combat/vampire/vampire_cloak_white_black": {
    "criteria": {
      "has_pure_blood": "2024-06-13 05:55:25 +0000"
    },
    "done": true
  },
  "minecraft:recipes/food/cooked_chicken": {
    "criteria": {
      "has_chicken": "2024-06-13 06:36:26 +0000"
    },
    "done": true
  },
  "minecraft:recipes/decorations/blue_stained_glass_pane_from_glass_pane": {
    "criteria": {
      "has_glass_pane": "2024-06-13 05:56:24 +0000"
    },
    "done": true
  },
  "minecraft:recipes/decorations/polished_dark_stone_slab_from_cobbled_dark_stone_stonecutting": {
    "criteria": {
      "has_cobbled_dark_stone": "2024-06-13 06:24:21 +0000"
    },
    "done": true
  },
  "minecraft:recipes/food/baked_potato": {
    "criteria": {
      "has_potato": "2024-06-13 05:56:26 +0000"
    },
    "done": true
  },
  "minecraft:recipes/building_blocks/granite_slab_from_granite_stonecutting": {
    "criteria": {
      "has_granite": "2024-06-13 06:42:48 +0000"
    },
    "done": true
  },
  "minecraft:recipes/decorations/dark_stone_tiles_slab_from_cobbled_dark_stone_stonecutting": {
    "criteria": {
      "has_cobbled_dark_stone": "2024-06-13 06:24:21 +0000"
    },
    "done": true
  },
  "minecraft:recipes/decorations/light_gray_stained_glass_pane_from_glass_pane": {
    "criteria": {
      "has_glass_pane": "2024-06-13 05:56:24 +0000"
    },
    "done": true
  },
  "minecraft:recipes/decorations/dark_stone_tiles_from_cobbled_dark_stone_stonecutting": {
    "criteria": {
      "has_cobbled_dark_stone": "2024-06-13 06:24:21 +0000"
    },
    "done": true
  },
  "vampirism:recipes/combat/weapontable/hunter_axe_normal": {
    "criteria": {
      "has_skill": "2024-06-13 06:13:23 +0000"
    },
    "done": true
  },
  "vampirism:recipes/building_blocks/dark_stone_from_cobbled_dark_stone_smelting": {
    "criteria": {
      "has_cobbled_dark_stone": "2024-06-13 06:24:21 +0000"
    },
    "done": true
  },
  "minecraft:recipes/misc/red_dye_from_rose_bush": {
    "criteria": {
      "has_rose_bush": "2024-06-13 06:09:10 +0000"
    },
    "done": true
  },
  "minecraft:recipes/decorations/granite_wall_from_granite_stonecutting": {
    "criteria": {
      "has_granite": "2024-06-13 06:42:48 +0000"
    },
    "done": true
  },
  "vampirism:recipes/combat/weapontable/pitchfork": {
    "criteria": {
      "has_skill": "2024-06-13 06:13:23 +0000"
    },
    "done": true
  },
  "minecraft:recipes/decorations/dark_stone_brick_stairs_from_cobbled_dark_stone_stonecutting": {
    "criteria": {
      "has_cobbled_dark_stone": "2024-06-13 06:24:21 +0000"
    },
    "done": true
  },
  "minecraft:recipes/decorations/orange_stained_glass_pane_from_glass_pane": {
    "criteria": {
      "has_glass_pane": "2024-06-13 05:56:24 +0000"
    },
    "done": true
  },
  "minecraft:recipes/decorations/light_blue_stained_glass_pane_from_glass_pane": {
    "criteria": {
      "has_glass_pane": "2024-06-13 05:56:24 +0000"
    },
    "done": true
  },
  "vampirism:recipes/combat/weapontable/hunter_coat_legs_normal": {
    "criteria": {
      "has_skill": "2024-06-13 06:13:23 +0000"
    },
    "done": true
  },
  "minecraft:recipes/decorations/dark_stone_tiles_stairs_from_cobbled_dark_stone_stonecutting": {
    "criteria": {
      "has_cobbled_dark_stone": "2024-06-13 06:24:21 +0000"
    },
    "done": true
  },
  "vampirism:recipes/building_blocks/polished_dark_stone": {
    "criteria": {
      "has_cobbled_dark_stone": "2024-06-13 06:24:21 +0000"
    },
    "done": true
  },
  "minecraft:recipes/building_blocks/polished_granite_from_granite_stonecutting": {
    "criteria": {
      "has_granite": "2024-06-13 06:42:48 +0000"
    },
    "done": true
  },
  "minecraft:recipes/decorations/green_stained_glass_pane_from_glass_pane": {
    "criteria": {
      "has_glass_pane": "2024-06-13 05:56:24 +0000"
    },
    "done": true
  },
  "vampirism:recipes/combat/weapontable/basic_crossbow": {
    "criteria": {
      "has_skill": "2024-06-13 06:13:23 +0000"
    },
    "done": true
  },
  "minecraft:recipes/building_blocks/granite_slab": {
    "criteria": {
      "has_granite": "2024-06-13 06:42:48 +0000"
    },
    "done": true
  },
  "minecraft:recipes/decorations/pink_stained_glass_pane_from_glass_pane": {
    "criteria": {
      "has_glass_pane": "2024-06-13 05:56:24 +0000"
    },
    "done": true
  },
  "minecraft:recipes/decorations/cobbled_dark_stone_wall_from_cobbled_dark_stone_stonecutting": {
    "criteria": {
      "has_cobbled_dark_stone": "2024-06-13 06:24:21 +0000"
    },
    "done": true
  },
  "vampirism:recipes/misc/vampire/blood_bottle_to_glass": {
    "criteria": {
      "has_blood_bottle": "2024-06-13 06:34:21 +0000"
    },
    "done": true
  },
  "vampirism:recipes/combat/weapontable/hunter_coat_chest_normal": {
    "criteria": {
      "has_skill": "2024-06-13 06:13:23 +0000"
    },
    "done": true
  },
  "minecraft:recipes/decorations/white_stained_glass_pane_from_glass_pane": {
    "criteria": {
      "has_glass_pane": "2024-06-13 05:56:24 +0000"
    },
    "done": true
  },
  "vampirism:recipes/misc/gold_nugget_from_accessory_blasting": {
    "criteria": {
      "has_amulet": "2024-06-13 06:08:09 +0000"
    },
    "done": true
  },
  "minecraft:recipes/decorations/gray_stained_glass_pane_from_glass_pane": {
    "criteria": {
      "has_glass_pane": "2024-06-13 05:56:24 +0000"
    },
    "done": true
  },
  "vampirism:recipes/misc/general/injection_0": {
    "criteria": {
      "has_glass_pane": "2024-06-13 05:56:24 +0000"
    },
    "done": true
  },
  "minecraft:recipes/decorations/dark_stone_brick_slab_from_cobbled_dark_stone_stonecutting": {
    "criteria": {
      "has_cobbled_dark_stone": "2024-06-13 06:24:21 +0000"
    },
    "done": true
  },
  "minecraft:recipes/building_blocks/granite_stairs": {
    "criteria": {
      "has_granite": "2024-06-13 06:42:48 +0000"
    },
    "done": true
  },
  "vampirism:recipes/combat/vampire/vampire_cloak_black_white": {
    "criteria": {
      "has_pure_blood": "2024-06-13 05:55:25 +0000"
    },
    "done": true
  },
  "vampirism:recipes/building_blocks/cobbled_dark_stone_slab": {
    "criteria": {
      "has_cobbled_dark_stone": "2024-06-13 06:24:21 +0000"
    },
    "done": true
  },
  "vampirism:recipes/combat/weapontable/armor_of_swiftness_head_normal": {
    "criteria": {
      "has_skill": "2024-06-13 06:13:23 +0000"
    },
    "done": true
  },
  "minecraft:recipes/building_blocks/granite_stairs_from_granite_stonecutting": {
    "criteria": {
      "has_granite": "2024-06-13 06:42:48 +0000"
    },
    "done": true
  },
  "minecraft:recipes/decorations/polished_dark_stone_wall_from_cobbled_dark_stone_stonecutting": {
    "criteria": {
      "has_cobbled_dark_stone": "2024-06-13 06:24:21 +0000"
    },
    "done": true
  },
  "vampirism:recipes/building_blocks/cobbled_dark_stone_stairs": {
    "criteria": {
      "has_cobbled_dark_stone": "2024-06-13 06:24:21 +0000"
    },
    "done": true
  },
  "minecraft:recipes/decorations/granite_wall": {
    "criteria": {
      "has_granite": "2024-06-13 06:42:48 +0000"
    },
    "done": true
  },
  "minecraft:recipes/food/cooked_chicken_from_smoking": {
    "criteria": {
      "has_chicken": "2024-06-13 06:36:26 +0000"
    },
    "done": true
  },
  "minecraft:recipes/building_blocks/polished_granite_slab_from_granite_stonecutting": {
    "criteria": {
      "has_granite": "2024-06-13 06:42:48 +0000"
    },
    "done": true
  },
  "minecraft:recipes/food/baked_potato_from_smoking": {
    "criteria": {
      "has_potato": "2024-06-13 05:56:26 +0000"
    },
    "done": true
  },
  "minecraft:recipes/decorations/black_stained_glass_pane_from_glass_pane": {
    "criteria": {
      "has_glass_pane": "2024-06-13 05:56:24 +0000"
    },
    "done": true
  },
  "vampirism:recipes/decorations/cobbled_dark_stone_wall": {
    "criteria": {
      "has_cobbled_dark_stone": "2024-06-13 06:24:21 +0000"
    },
    "done": true
  },
  "vampirism:recipes/building_blocks/dark_stone_from_cobbled_dark_stone_blasting": {
    "criteria": {
      "has_cobbled_dark_stone": "2024-06-13 06:24:21 +0000"
    },
    "done": true
  },
  "vampirism:recipes/combat/weapontable/armor_of_swiftness_chest_normal": {
    "criteria": {
      "has_skill": "2024-06-13 06:13:23 +0000"
    },
    "done": true
  },
  "minecraft:recipes/building_blocks/polished_granite": {
    "criteria": {
      "has_granite": "2024-06-13 06:42:48 +0000"
    },
    "done": true
  },
  "minecraft:recipes/decorations/polished_dark_stone_from_cobbled_dark_stone_stonecutting": {
    "criteria": {
      "has_cobbled_dark_stone": "2024-06-13 06:24:21 +0000"
    },
    "done": true
  },
  "minecraft:recipes/decorations/yellow_stained_glass_pane_from_glass_pane": {
    "criteria": {
      "has_glass_pane": "2024-06-13 05:56:24 +0000"
    },
    "done": true
  },
  "vampirism:recipes/combat/vampire/vampire_cloak_black_red": {
    "criteria": {
      "has_pure_blood": "2024-06-13 05:55:25 +0000"
    },
    "done": true
  },
  "minecraft:recipes/decorations/dark_stone_tiles_wall_from_cobbled_dark_stone_stonecutting": {
    "criteria": {
      "has_cobbled_dark_stone": "2024-06-13 06:24:21 +0000"
    },
    "done": true
  },
  "vampirism:recipes/combat/weapontable/tech_crossbow_ammo_package": {
    "criteria": {
      "has_skill": "2024-06-13 06:13:23 +0000"
    },
    "done": true
  },
  "vampirism:recipes/combat/vampire/vampire_cloak_black_blue": {
    "criteria": {
      "has_pure_blood": "2024-06-13 05:55:25 +0000"
    },
    "done": true
  },
  "minecraft:recipes/decorations/brown_stained_glass_pane_from_glass_pane": {
    "criteria": {
      "has_glass_pane": "2024-06-13 05:56:24 +0000"
    },
    "done": true
  },
  "minecraft:recipes/decorations/red_stained_glass_pane_from_glass_pane": {
    "criteria": {
      "has_glass_pane": "2024-06-13 05:56:24 +0000"
    },
    "done": true
  },
  "minecraft:recipes/decorations/magenta_stained_glass_pane_from_glass_pane": {
    "criteria": {
      "has_glass_pane": "2024-06-13 05:56:24 +0000"
    },
    "done": true
  },
  "minecraft:recipes/decorations/cyan_stained_glass_pane_from_glass_pane": {
    "criteria": {
      "has_glass_pane": "2024-06-13 05:56:24 +0000"
    },
    "done": true
  },
  "minecraft:recipes/building_blocks/oak_planks": {
    "criteria": {
      "has_logs": "2024-06-13 05:54:09 +0000"
    },
    "done": true
  },
  "vampirism:recipes/combat/weapontable/crossbow_arrow_teleport": {
    "criteria": {
      "has_skill": "2024-06-13 06:13:23 +0000"
    },
    "done": true
  },
  "minecraft:recipes/decorations/cobbled_dark_stone_slab_from_cobbled_dark_stone_stonecutting": {
    "criteria": {
      "has_cobbled_dark_stone": "2024-06-13 06:24:21 +0000"
    },
    "done": true
  },
  "vampirism:recipes/misc/gold_nugget_from_accessory_smelting": {
    "criteria": {
      "has_amulet": "2024-06-13 06:08:09 +0000"
    },
    "done": true
  },
  "minecraft:recipes/decorations/dark_stone_brick_wall_from_cobbled_dark_stone_stonecutting": {
    "criteria": {
      "has_cobbled_dark_stone": "2024-06-13 06:24:21 +0000"
    },
    "done": true
  },
  "minecraft:recipes/decorations/dark_stone_bricks_from_cobbled_dark_stone_stonecutting": {
    "criteria": {
      "has_cobbled_dark_stone": "2024-06-13 06:24:21 +0000"
    },
    "done": true
  },
  "minecraft:recipes/misc/firework_rocket_simple": {
    "criteria": {
      "has_gunpowder": "2024-06-13 06:37:06 +0000"
    },
    "done": true
  },
  "minecraft:recipes/redstone/tnt": {
    "criteria": {
      "has_gunpowder": "2024-06-13 06:37:06 +0000"
    },
    "done": true
  },
  "vampirism:recipes/combat/weapontable/armor_of_swiftness_legs_normal": {
    "criteria": {
      "has_skill": "2024-06-13 06:13:23 +0000"
    },
    "done": true
  },
  "vampirism:recipes/combat/weapontable/armor_of_swiftness_feet_normal": {
    "criteria": {
      "has_skill": "2024-06-13 06:13:23 +0000"
    },
    "done": true
  },
  "minecraft:recipes/building_blocks/polished_granite_stairs_from_granite_stonecutting": {
    "criteria": {
      "has_granite": "2024-06-13 06:42:48 +0000"
    },
    "done": true
  },
  "vampirism:recipes/combat/weapontable/hunter_hat_head_0": {
    "criteria": {
      "has_skill": "2024-06-13 06:13:23 +0000"
    },
    "done": true
  },
  "vampirism:recipes/combat/weapontable/hunter_hat_head_1": {
    "criteria": {
      "has_skill": "2024-06-13 06:13:23 +0000"
    },
    "done": true
  },
  "minecraft:recipes/decorations/polished_dark_stone_stairs_from_cobbled_dark_stone_stonecutting": {
    "criteria": {
      "has_cobbled_dark_stone": "2024-06-13 06:24:21 +0000"
    },
    "done": true
  },
  "minecraft:recipes/misc/nether_brick": {
    "criteria": {
      "has_netherrack": "2024-06-13 05:57:43 +0000"
    },
    "done": true
  },
  "minecraft:recipes/building_blocks/oak_wood": {
    "criteria": {
      "has_log": "2024-06-13 05:54:09 +0000"
    },
    "done": true
  },
  "minecraft:story/root": {
    "criteria": {
      "crafting_table": "2024-06-13 05:54:29 +0000"
    },
    "done": true
  },
  "vampirism:recipes/combat/weapontable/crossbow_arrow_spitfire": {
    "criteria": {
      "has_skill": "2024-06-13 06:13:23 +0000"
    },
    "done": true
  },
  "vampirism:main/regicide": {
    "criteria": {
      "main": "2024-06-13 05:55:24 +0000"
    },
    "done": true
  },
  "vampirism:recipes/combat/vampire/vampire_cloak_red_black": {
    "criteria": {
      "has_pure_blood": "2024-06-13 05:55:25 +0000"
    },
    "done": true
  },
  "vampirism:recipes/decorations/item_tent": {
    "criteria": {
      "has_bed": "2024-06-13 05:56:24 +0000"
    },
    "done": true
  },
  "DataVersion": 3465
}